
{
    "region" : "us-east-2",
    "profile" : "default",
    "configuration" : "Release",
    "framework"     : "net6.0",
    "function-name" : "MyLambdaTest",
    "function-description" : "",
    "package-type"         : "Zip",
    "function-handler"     : "Centric_Payment_API::Centric_Payment_API.Controllers.Payments::ViewPaymentHistory",
    "function-memory-size" : 256,
    "function-role"        : "arn:aws:iam::533267230173:role/service-role/mySourcefile-role-qyd6pzv9",
    "function-timeout"     : 10,
    "function-runtime"     : "dotnet6",
    "function-architecture" : "x86_64",
    "function-subnets"      : "",
    "function-security-groups" : "",
    "tracing-mode"             : "PassThrough",
    "environment-variables"    : "",
    "image-tag"                : ""
}